estrutura,N,t_ins_media,t_ins_std,mem_ins_kb,mem_ins_std,altura_media,altura_std,t_bus_media,t_bus_std,iter_media,iter_std
BST (sem balanceamento),10000,0.03520539999999528,0.0006772739954236166,938.465625,1.381847739017626,32,0.0,0.0002907200000663579,1.590493637925251e-05,16.674,0.7776117283066154
AVL (com balanceamento),10000,0.07743858000003456,0.0006022511162090615,1016.55,1.2910094198980986,16,0.0,0.00023843999993005126,2.3449584230857576e-05,12.566,0.18049930747789608
BST (sem balanceamento),50000,0.21834160000003067,0.006778391285925056,4687.80625,0.015027643798180739,37,0.0,0.000467200000093726,2.0886359197087645e-05,18.78,0.514149783623411
AVL (com balanceamento),50000,0.49691578000001757,0.015581139983154945,5078.43125,0.015027643798180739,19,0.0,0.00043301999999130204,6.37091201788774e-05,14.858,0.16208022704821184
BST (sem balanceamento),100000,0.5459841200000028,0.021752778237439558,9375.2640625,0.015027643798180739,40,0.0,0.0006176800000048388,2.7429126868963277e-05,20.876,0.555139622077185
AVL (com balanceamento),100000,1.1596469600000092,0.038967073630268516,10156.5140625,0.015027643798180739,20,0.0,0.0005919800001265684,9.99539493821266e-05,15.91,0.13656500283747597
