estrutura,N,ins_tempo_med,ins_tempo_std,ins_mem_trace_kb,ins_mem_ram_kb,ins_cpu_media_pct,ins_cpu_pico_pct,altura_media,altura_std,bus_tempo_med,bus_tempo_std,bus_iter_med,bus_iter_std,bus_mem_trace_kb,bus_mem_ram_kb,bus_cpu_media_pct,bus_cpu_pico_pct
BST (sem balanceamento),10000,0.03656505999997535,0.0011228465469827057,941.6580078125,455.2,0.0,0.0,32,0.0,0.000844399999914458,1.76630970513606e-05,16.288,0.4076395466585642,5.7673828125,2.4,0.0,0.0
AVL (com balanceamento),10000,0.08209875999991709,0.0020414552978718268,1019.6798828125,224.0,44.92,89.84,16,0.0,0.0007172200000240992,3.500052836284762e-05,12.496,0.1904730952129461,5.7470703125,0.0,0.0,0.0
BST (sem balanceamento),50000,0.23035511999987648,0.006767851511101818,4691.3142578125,3053.6,77.28,111.46,37,0.0,0.0009816799999498472,1.398399089514205e-05,18.758,0.3359613072959441,5.7705078125,4.8,0.0,0.0
AVL (com balanceamento),50000,0.5067200000001322,0.01618314631307837,5082.1486328125,3928.8,87.28694444444444,102.3,19,0.0,0.0008342200000697631,5.435151334488861e-05,14.808,0.11077003204838383,5.7814453125,0.0,0.0,0.0
BST (sem balanceamento),100000,0.563729560000047,0.018231272887150648,9378.982421875,7868.8,88.94866666666667,108.66,40,0.0,0.0011762999999518798,7.345941052801753e-05,20.476,0.37246476343407314,5.782421875,-55.2,0.0,0.0
AVL (com balanceamento),100000,1.1204637599999843,0.030807560049248617,10160.319921875,8930.4,94.77327485380117,111.22,20,0.0,0.0009682199999588193,1.4709248783338075e-05,15.95,0.10839741694339435,5.782421875,0.0,0.0,0.0
