estrutura,N,ins_tempo_med,ins_tempo_std,ins_mem_trace_kb,ins_mem_ram_kb,ins_cpu_media_pct,ins_cpu_pico_pct,seq_tempo_med,seq_tempo_std,seq_iter_med,seq_iter_std,seq_mem_trace_kb,seq_mem_ram_kb,seq_cpu_media_pct,seq_cpu_pico_pct,bin_tempo_med,bin_tempo_std,bin_t_ord_med,bin_iter_med,bin_iter_std,bin_mem_trace_kb,bin_mem_ram_kb,bin_cpu_media_pct,bin_cpu_pico_pct
Array Linear,10000,0.001033119999920018,0.00012365367756060055,87.074609375,56.0,0.0,0.0,0.23507897999998023,0.007916095462220864,4954.588,171.34407115508856,9.0677734375,5.6,76.356,103.0,0.005874819999917236,0.000350715065166791,0.003099339999971562,12.346,0.09939818911831319,159.7748046875,51.2,0.0,0.0
Array Linear,50000,0.00485603999986779,0.00043836657386709966,437.3751953125,1216.8,0.0,0.0,1.2641891999998733,0.05272146409690705,24844.18,1018.9239297170323,8.8759765625,24.8,95.0514632034632,108.96000000000001,0.022685120000005554,0.0006152044186858258,0.019263300000056917,14.562,0.07190271204899017,784.2548828125,-136.0,0.0,0.0
Array Linear,100000,0.009724819999883038,0.0009350472084360418,785.5486328125,2597.6,0.0,0.0,2.8043292600000314,0.1386677574575301,51889.68,3515.762598953461,9.2626953125,34.4,97.01715728510065,110.42,0.04766158000002178,0.0017366112828039466,0.04397683999977744,15.766,0.0971081870904818,1565.380078125,3.2,0.0,0.0
