N,t_ins_media,t_ins_std,mem_ins_kb,t_bus_media,t_bus_std,iter_media,iter_std
10000,0.0009751800000231015,0.0006168337637052203,83.4765625,0.23444501999997555,0.014496517036871947,4996.2519999999995,329.63076080669424
50000,0.004348179999942659,0.0001850672769095149,434.2125,1.2255521399999907,0.07765220816026445,25092.792,1580.9091275497155
100000,0.009837900000002264,0.0009911477059115768,782.4203125,2.468593820000069,0.1327286583428486,49267.74,3080.408783051367
